SET FOREIGN_KEY_CHECKS=0;

-- ----------------------------
-- Table structure for admin_
-- ----------------------------
DROP TABLE IF EXISTS `admin_`;
CREATE TABLE `admin_` (
  `adminid` int(11) NOT NULL AUTO_INCREMENT,
  `adminname` varchar(20) NOT NULL,
  `passwd` varchar(32) DEFAULT NULL,
  PRIMARY KEY (`adminid`),
  UNIQUE KEY `adminname` (`adminname`)
) ENGINE=InnoDB AUTO_INCREMENT=2 DEFAULT CHARSET=utf8;

-- ----------------------------
-- Records of admin_
-- ----------------------------
INSERT INTO `admin_` VALUES ('1', 'admin', '123');

-- ----------------------------
-- Table structure for articletype
-- ----------------------------
DROP TABLE IF EXISTS `articletype`;
CREATE TABLE `articletype` (
  `atid` int(11) NOT NULL AUTO_INCREMENT,
  `atype` varchar(50) NOT NULL,
  PRIMARY KEY (`atid`),
  UNIQUE KEY `at` (`atype`)
) ENGINE=InnoDB AUTO_INCREMENT=7 DEFAULT CHARSET=utf8;

-- ----------------------------
-- Records of articletype
-- ----------------------------
INSERT INTO `articletype` VALUES ('5', '动态');
INSERT INTO `articletype` VALUES ('1', '历史');
INSERT INTO `articletype` VALUES ('3', '旅游');
INSERT INTO `articletype` VALUES ('4', '美食');
INSERT INTO `articletype` VALUES ('2', '风景');

-- ----------------------------
-- Table structure for users
-- ----------------------------
DROP TABLE IF EXISTS `users`;
CREATE TABLE `users` (
  `id` int(11) NOT NULL AUTO_INCREMENT,
  `name` varchar(255) DEFAULT NULL,
  `passwd` varchar(32) DEFAULT NULL,
  `age` int(11) DEFAULT NULL,
  `phone` varchar(255) DEFAULT NULL,
  `email` varchar(255) DEFAULT NULL,
  PRIMARY KEY (`id`),
  UNIQUE KEY `uq_users_name` (`name`)
) ENGINE=InnoDB AUTO_INCREMENT=12 DEFAULT CHARSET=utf8;

-- ----------------------------
-- Records of users
-- ----------------------------

INSERT INTO `users` VALUES ('1', 'admin', '123', '20', '13534523821', '3436804269@qq.com');
INSERT INTO `users` VALUES ('2', 'test', 'test', '11', '231', '213214@qq.com');
INSERT INTO `users` VALUES ('3', 'rice', 'rice', '2314', '', '');

-- ----------------------------
-- Table structure for article
-- ----------------------------
DROP TABLE IF EXISTS `article`;
CREATE TABLE `article` (
  `aid` int(11) NOT NULL AUTO_INCREMENT,
  `atid` int(11) DEFAULT NULL,
  `publisher` int(11) DEFAULT NULL,
  `releasetime` datetime DEFAULT NULL,
  `content` text NOT NULL,
  `image` varchar(250) DEFAULT NULL,
  `articlename` varchar(100) NOT NULL,
  PRIMARY KEY (`aid`),
  KEY `atid` (`atid`),
  KEY `article_ibfk_2` (`publisher`),
  CONSTRAINT `article_ibfk_2` FOREIGN KEY (`publisher`) REFERENCES `users` (`id`),
  CONSTRAINT `article_ibfk_1` FOREIGN KEY (`atid`) REFERENCES `articletype` (`atid`)
) ENGINE=InnoDB AUTO_INCREMENT=101 DEFAULT CHARSET=utf8;

-- ----------------------------
-- Records of article
-- ----------------------------
INSERT INTO `article` VALUES ('1', '4', '1', '2018-03-27 20:52:41', '南宁方言叫\"酸野\"。南宁有句俗话称“行人难过酸野摊”，即将“酸野”描述得维妙维俏。制作是采用当地物产木瓜、萝卜、黄瓜、莲藕、椰菜、菠萝等时令果蔬，配以酸醋、辣椒、白糖等腌制而成。吃起来酸、甜、香、辣味味俱到，脆爽可口，生津开胃。酸品，一种古老的传统名小吃。粤语地区用果蔬腌制而成的四季酸品小吃。遍布广西全境地区。桂北以腌制时间长、辣烈、酸浓、品陈为特色。桂南以生冷、 新鲜、淡酸、微甜、带辣为特色，尤以南宁最为著名，已有300年历史。南宁酸品一般以木 瓜、芒果、扁桃、菠萝、桃子、李果、梨子、豆角、萝卜、黄瓜、莲藕、杨桃、椰菜、芥菜 、头菜、生姜、大蒜等新鲜果蔬，佐以食醋食盐腌制1小时即成(豆类、菜类要腌制1～3天) 。有的配以适量的白糖和辣椒粉。城乡街头巷尾随处可见流动酸品摊。摊上备有辣椒酸醋水 、椒盐，供食客随意蘸用。', '', '南宁酸品');
INSERT INTO `article` VALUES ('2', '4', '1', '2018-03-27 20:58:58', '柠檬鸭是广西南宁武鸣一带的特色菜肴。柠檬鸭，最早出现在80年代初期，南宁的城市边缘有一个叫界牌的小地界，因为在公路旁，常年做来往司机的饭食生意，慢慢发展，有了这道名菜。\r\n柠檬鸭的主要配料取材是南宁特色的酸嘢，酸荞头，酸姜，酸辣椒，提香去腥的山黄皮，特别自家腌制的酸柠檬。酸柠檬越陈越香，放上几年甚至是十几年，不会变质，香气和味道反而更是浓郁。这些独特的配料，是柠檬鸭制作时必不可少也是不能代替的配料。\r\n柠檬鸭肉酸酸辣辣，味浓而冲，第一口感觉强烈，第二口开始就不能停箸。鸭肉香脆有肉感，\r\n不软不腻不臊，带有特别的柠檬香气。柠檬鸭的酸香辣气并不仅仅是柠檬的功劳，实际上在爆炒的时候要放入酸辣椒、酸芥头、酸姜、蒜泥等。临出锅前加入咸柠檬和紫苏，咸柠檬要去籽，最后才放进去，不然煮久了会苦，也把那种清香挥发掉了。\r\n做柠檬鸭用料很讲究，选的鸭子是1.5公斤左右的正宗谷糠喂大的土鸭或北京鸭。\r\n配料是陈年腌制的柠檬，另外还有酸荞头、酸辣椒、酸梅、豆腐乳、白糖、黄酒和鲜姜等。其味酸辣适宜，清新爽口，香而不腻，是一道极其开胃的菜。\r\n看其外观，冒着油汁，金黄诱人；闻其香，柠檬与鸭肉香飘扑鼻；品其味，柠檬的酸香中透着梅子的甜味，微辣中藏着鸭肉的细腻。\r\n柠檬鸭是广西南宁武鸣一带的特色菜肴。柠檬鸭，最早出现在80年代初期，南宁的城市边缘有一个叫界牌的小地界，因为在公路旁，常年做来往司机的饭食生意，慢慢发展，有了这道名菜。\r\n柠檬鸭的主要配料取材是南宁特色的酸嘢，酸荞头，酸姜，酸辣椒，提香去腥的山黄皮，特别自家腌制的酸柠檬。酸柠檬越陈越香，放上几年甚至是十几年，不会变质，香气和味道反而更是浓郁。这些独特的配料，是柠檬鸭制作时必不可少也是不能代替的配料。\r\n柠檬鸭肉酸酸辣辣，味浓而冲，第一口感觉强烈，第二口开始就不能停箸。鸭肉香脆有肉感，\r\n不软不腻不臊，带有特别的柠檬香气。柠檬鸭的酸香辣气并不仅仅是柠檬的功劳，实际上在爆炒的时候要放入酸辣椒、酸芥头、酸姜、蒜泥等。临出锅前加入咸柠檬和紫苏，咸柠檬要去籽，最后才放进去，不然煮久了会苦，也把那种清香挥发掉了。\r\n做柠檬鸭用料很讲究，选的鸭子是1.5公斤左右的正宗谷糠喂大的土鸭或北京鸭。\r\n配料是陈年腌制的柠檬，另外还有酸荞头、酸辣椒、酸梅、豆腐乳、白糖、黄酒和鲜姜等。其味酸辣适宜，清新爽口，香而不腻，是一道极其开胃的菜。\r\n看其外观，冒着油汁，金黄诱人；闻其香，柠檬与鸭肉香飘扑鼻；品其味，柠檬的酸香中透着梅子的甜味，微辣中藏着鸭肉的细腻。\r\n柠檬鸭是广西南宁武鸣一带的特色菜肴。柠檬鸭，最早出现在80年代初期，南宁的城市边缘有一个叫界牌的小地界，因为在公路旁，常年做来往司机的饭食生意，慢慢发展，有了这道名菜。\r\n柠檬鸭的主要配料取材是南宁特色的酸嘢，酸荞头，酸姜，酸辣椒，提香去腥的山黄皮，特别自家腌制的酸柠檬。酸柠檬越陈越香，放上几年甚至是十几年，不会变质，香气和味道反而更是浓郁。这些独特的配料，是柠檬鸭制作时必不可少也是不能代替的配料。\r\n柠檬鸭肉酸酸辣辣，味浓而冲，第一口感觉强烈，第二口开始就不能停箸。鸭肉香脆有肉感，\r\n不软不腻不臊，带有特别的柠檬香气。柠檬鸭的酸香辣气并不仅仅是柠檬的功劳，实际上在爆炒的时候要放入酸辣椒、酸芥头、酸姜、蒜泥等。临出锅前加入咸柠檬和紫苏，咸柠檬要去籽，最后才放进去，不然煮久了会苦，也把那种清香挥发掉了。\r\n做柠檬鸭用料很讲究，选的鸭子是1.5公斤左右的正宗谷糠喂大的土鸭或北京鸭。\r\n配料是陈年腌制的柠檬，另外还有酸荞头、酸辣椒、酸梅、豆腐乳、白糖、黄酒和鲜姜等。其味酸辣适宜，清新爽口，香而不腻，是一道极其开胃的菜。\r\n看其外观，冒着油汁，金黄诱人；闻其香，柠檬与鸭肉香飘扑鼻；品其味，柠檬的酸香中透着梅子的甜味，微辣中藏着鸭肉的细腻。\r\n柠檬鸭是广西南宁武鸣一带的特色菜肴。柠檬鸭，最早出现在80年代初期，南宁的城市边缘有一个叫界牌的小地界，因为在公路旁，常年做来往司机的饭食生意，慢慢发展，有了这道名菜。\r\n柠檬鸭的主要配料取材是南宁特色的酸嘢，酸荞头，酸姜，酸辣椒，提香去腥的山黄皮，特别自家腌制的酸柠檬。酸柠檬越陈越香，放上几年甚至是十几年，不会变质，香气和味道反而更是浓郁。这些独特的配料，是柠檬鸭制作时必不可少也是不能代替的配料。\r\n柠檬鸭肉酸酸辣辣，味浓而冲，第一口感觉强烈，第二口开始就不能停箸。鸭肉香脆有肉感，\r\n不软不腻不臊，带有特别的柠檬香气。柠檬鸭的酸香辣气并不仅仅是柠檬的功劳，实际上在爆炒的时候要放入酸辣椒、酸芥头、酸姜、蒜泥等。临出锅前加入咸柠檬和紫苏，咸柠檬要去籽，最后才放进去，不然煮久了会苦，也把那种清香挥发掉了。\r\n做柠檬鸭用料很讲究，选的鸭子是1.5公斤左右的正宗谷糠喂大的土鸭或北京鸭。\r\n配料是陈年腌制的柠檬，另外还有酸荞头、酸辣椒、酸梅、豆腐乳、白糖、黄酒和鲜姜等。其味酸辣适宜，清新爽口，香而不腻，是一道极其开胃的菜。\r\n看其外观，冒着油汁，金黄诱人；闻其香，柠檬与鸭肉香飘扑鼻；品其味，柠檬的酸香中透着梅子的甜味，微辣中藏着鸭肉的细腻。\r\n柠檬鸭是广西南宁武鸣一带的特色菜肴。柠檬鸭，最早出现在80年代初期，南宁的城市边缘有一个叫界牌的小地界，因为在公路旁，常年做来往司机的饭食生意，慢慢发展，有了这道名菜。\r\n柠檬鸭的主要配料取材是南宁特色的酸嘢，酸荞头，酸姜，酸辣椒，提香去腥的山黄皮，特别自家腌制的酸柠檬。酸柠檬越陈越香，放上几年甚至是十几年，不会变质，香气和味道反而更是浓郁。这些独特的配料，是柠檬鸭制作时必不可少也是不能代替的配料。\r\n柠檬鸭肉酸酸辣辣，味浓而冲，第一口感觉强烈，第二口开始就不能停箸。鸭肉香脆有肉感，\r\n不软不腻不臊，带有特别的柠檬香气。柠檬鸭的酸香辣气并不仅仅是柠檬的功劳，实际上在爆炒的时候要放入酸辣椒、酸芥头、酸姜、蒜泥等。临出锅前加入咸柠檬和紫苏，咸柠檬要去籽，最后才放进去，不然煮久了会苦，也把那种清香挥发掉了。\r\n做柠檬鸭用料很讲究，选的鸭子是1.5公斤左右的正宗谷糠喂大的土鸭或北京鸭。\r\n配料是陈年腌制的柠檬，另外还有酸荞头、酸辣椒、酸梅、豆腐乳、白糖、黄酒和鲜姜等。其味酸辣适宜，清新爽口，香而不腻，是一道极其开胃的菜。\r\n看其外观，冒着油汁，金黄诱人；闻其香，柠檬与鸭肉香飘扑鼻；品其味，柠檬的酸香中透着梅子的甜味，微辣中藏着鸭肉的细腻。\r\n柠檬鸭是广西南宁武鸣一带的特色菜肴。柠檬鸭，最早出现在80年代初期，南宁的城市边缘有一个叫界牌的小地界，因为在公路旁，常年做来往司机的饭食生意，慢慢发展，有了这道名菜。\r\n柠檬鸭的主要配料取材是南宁特色的酸嘢，酸荞头，酸姜，酸辣椒，提香去腥的山黄皮，特别自家腌制的酸柠檬。酸柠檬越陈越香，放上几年甚至是十几年，不会变质，香气和味道反而更是浓郁。这些独特的配料，是柠檬鸭制作时必不可少也是不能代替的配料。\r\n柠檬鸭肉酸酸辣辣，味浓而冲，第一口感觉强烈，第二口开始就不能停箸。鸭肉香脆有肉感，\r\n不软不腻不臊，带有特别的柠檬香气。柠檬鸭的酸香辣气并不仅仅是柠檬的功劳，实际上在爆炒的时候要放入酸辣椒、酸芥头、酸姜、蒜泥等。临出锅前加入咸柠檬和紫苏，咸柠檬要去籽，最后才放进去，不然煮久了会苦，也把那种清香挥发掉了。\r\n做柠檬鸭用料很讲究，选的鸭子是1.5公斤左右的正宗谷糠喂大的土鸭或北京鸭。\r\n配料是陈年腌制的柠檬，另外还有酸荞头、酸辣椒、酸梅、豆腐乳、白糖、黄酒和鲜姜等。其味酸辣适宜，清新爽口，香而不腻，是一道极其开胃的菜。\r\n看其外观，冒着油汁，金黄诱人；闻其香，柠檬与鸭肉香飘扑鼻；品其味，柠檬的酸香中透着梅子的甜味，微辣中藏着鸭肉的细腻。\r\n柠檬鸭是广西南宁武鸣一带的特色菜肴。柠檬鸭，最早出现在80年代初期，南宁的城市边缘有一个叫界牌的小地界，因为在公路旁，常年做来往司机的饭食生意，慢慢发展，有了这道名菜。\r\n柠檬鸭的主要配料取材是南宁特色的酸嘢，酸荞头，酸姜，酸辣椒，提香去腥的山黄皮，特别自家腌制的酸柠檬。酸柠檬越陈越香，放上几年甚至是十几年，不会变质，香气和味道反而更是浓郁。这些独特的配料，是柠檬鸭制作时必不可少也是不能代替的配料。\r\n柠檬鸭肉酸酸辣辣，味浓而冲，第一口感觉强烈，第二口开始就不能停箸。鸭肉香脆有肉感，\r\n不软不腻不臊，带有特别的柠檬香气。柠檬鸭的酸香辣气并不仅仅是柠檬的功劳，实际上在爆炒的时候要放入酸辣椒、酸芥头、酸姜、蒜泥等。临出锅前加入咸柠檬和紫苏，咸柠檬要去籽，最后才放进去，不然煮久了会苦，也把那种清香挥发掉了。\r\n做柠檬鸭用料很讲究，选的鸭子是1.5公斤左右的正宗谷糠喂大的土鸭或北京鸭。\r\n配料是陈年腌制的柠檬，另外还有酸荞头、酸辣椒、酸梅、豆腐乳、白糖、黄酒和鲜姜等。其味酸辣适宜，清新爽口，香而不腻，是一道极其开胃的菜。\r\n看其外观，冒着油汁，金黄诱人；闻其香，柠檬与鸭肉香飘扑鼻；品其味，柠檬的酸香中透着梅子的甜味，微辣中藏着鸭肉的细腻。\r\n', '', '柠檬鸭');
INSERT INTO `article` VALUES ('3', '4', '1', '2018-03-27 21:00:21', '八仙粉是广西南宁的特色小吃，南宁市民喜爱的风味之一，也是到南宁游玩必吃的美食之一。\r\n特色是香、酸、脆、甜、咸适度，食而不腻。\r\n相传是清宫食谱之一，因其配有山珍、海味、时鲜八味以上，味道相异相辅，如“八仙过海，各显神通”，故而得名。 [1]  八仙粉以味道鲜美、柔韧爽滑等特点受到人们的喜爱。\r\n相传是清宫食谱之一，因其配有山珍、海味、时鲜八味以上，味道相异相辅，如“八仙过海，各显神通”，故而得名。 [1]  八仙粉以味道鲜美、柔韧爽滑等特点受到人们的喜爱。\r\n特色是香、酸、脆、甜、咸适度，食而不腻。\r\n做法：选用带有韧性的新鲜切粉，煮粉前先在热锅里盛入大半碗猪骨熬成的上汤，汤沸后放入鱼饺、肉片、熟鹌鹑蛋、香菇、黄花菜、鱿鱼、鸡肉丝、瘦猪肉片、鱼片、新鲜嫩蔬菜等各两三件，猛火煮沸片刻，再倒入200克切粉，待锅中汤水再沸后加少许香葱、香油、盐、味精等调味，即可装碗食用。其特点是配料多、营养丰富、合理搭配，粉韧爽口，味道鲜美。\r\n', '', '八仙粉');
INSERT INTO `article` VALUES ('4', '4', '1', '2018-03-27 21:01:42', '卷筒粉是一道主食，制作原料有米浆、肉末等。广西南宁等地，主要是隆安等临近越南的地区的小吃，用磨成的米浆放进托盘摊成一张薄饼蒸熟，撒一些肉末、葱花或其他食料在上面，卷成卷即可上碟，佐以酱料、香油等拌以食用。特点是软滑爽口。南宁卷筒粉，口感爽滑，通常用来当早餐，或者在下午茶时食用。1。用磨成的米浆放进托盘摊成一张薄饼蒸熟；\r\n2。撒一些肉末、葱花或者炒熟的豆角碎末(也可以用个人喜欢吃的其他食料)在上面，卷成卷即可上碟；\r\n3。佐以酱料、香油等拌或蘸以食用。\r\n此种小吃源于越南，又称越南卷筒粉，但越南卷筒粉的馅料极少。\r\n在广西，食用时所用的拌（蘸）佐料一般为酱油、醋、黄皮酱、辣椒酱、番茄酱、酸梅酱等调制而成。\r\n在越南，食用时所用的拌（蘸）佐料一般为鱼露。\r\n', '', '卷筒粉');
INSERT INTO `article` VALUES ('5', '4', '1', '2018-03-27 21:02:23', '鸭肉好像经常出现在我们的生活中，这基本上是一位全能的食材。但是你真的了解它吗？鸭肉的营养价值与鸡肉相仿，营养价值很高，可食部分鸭肉中的蛋白质含量约16％－25％，比畜肉含量高得多。鸭肉蛋白质主要是肌浆蛋白和肌凝蛋白。另一部分是间质蛋白，其中含有溶于水的胶原蛋白和弹性蛋白，此外还有少量的明胶，其余为非蛋白氮。凡体内有热的人适宜食鸭肉，体质虚弱，食欲不振，发热，大便干燥和水肿的人食之更为有益。民间还传说，鸭是肺结核病人的“圣药”。那它将会在这道美味里给我们带来怎样的惊喜呢？好了，咱们抓紧来看下这道美味的具体做法吧。鸭肉由于它香甜的口感，丰富的营养，以及独特的神秘感，成为了我们餐桌上的常客，并且一道小小的鸭肉，有千百种不同的吃法哦。这道老友酱炒白切鸭，就是其中之一哦。鲜香的口感，丰富的营养，无论是宴客宾朋还是自己享用，都是不错的选择哦，真是太完美了！', '', '老友抄鸭肉');
INSERT INTO `article` VALUES ('6', '4', '1', '2018-03-27 21:04:36', '“灵马鲶鱼”是广西壮族自治区武鸣县灵马镇的一道本土佳肴，也是武鸣乃至整个广西饮食产业的一个响亮的品牌。“灵马鲶鱼”这道菜的制作并不复杂，讲究原汁原味，没有红烧清蒸等做法，一律土法烧，更能体现正宗灵马鲶鱼细腻鲜美味道。主料\r\n须选用0.5~1.5公斤左右的野生河鲶鱼，最好是没有污染的大河或大水库里生的鲶鱼。其实野生鲶鱼很少觅到，个大肥硕的鲶鱼大都是人工养育。辨别野生鲶鱼的方法：野生的土鲶鱼嘴巴下有两个胡须，而养殖的杂交良种鲶鱼是四个或八个须的；深黄黑色的是野生，浅黄绿色的是养殖的。因养殖的鲶鱼为争饲料常浮到水面，见阳光多些就不很黑。野生与养殖的鲶鱼相比较不光价格相差不少，而且味道差异更大。\r\n【辅料】水豆腐，与鲶鱼等量。\r\n【调料】酱油、味精、淀粉、八角粉、黄酒、豆瓣酱、辣椒酱等\r\n制作过程\r\n正宗的灵马鲶鱼烹调，制作时先将鲜活的鲶鱼开好切成鱼块，拌足盐，放蚝油稍腌5-10分钟，豆腐切小块备用。\r\n中火用油先煎豆腐，煎到两面金黄为宜，捞出备用。余油爆香蒜米和姜丝，加西红柿片稍翻炒后备用。\r\n在大铁锅中放足量花生油加热至7成（油星息停）后，迅速放入鲶鱼片，不得翻动，约两分钟，也是煎到两面金黄为宜。\r\n放入豆腐，并加入酱油、味精、淀粉、八角粉、黄酒、豆瓣酱、辣椒酱等调好的配料均匀浇在鱼块、豆腐上，盖上锅盖大火焖上几分钟，入味后揭盖翻转鱼肉。\r\n加些高汤，煮到汤汁浓稠时，加入些陈醋淋上几滴香油，继续文火焖熟，勾芡收汁后撒入葱段和香菜段再小心翻匀即可装碟上桌。\r\n特点\r\n豆腐鲜、鲶鱼嫩、爽口、肥而不腻、滑而不融、色味迷人、销魂勾魄\r\n\r\n', '', '灵马豆腐烧鲶鱼');
INSERT INTO `article` VALUES ('7', '4', '1', '2018-03-27 21:05:41', '锅里放水，烧开，放几片姜，将切块的鸭肉放进锅里焯水。将酸姜和酸辣椒切丝。锅烧热，放油，将酸姜、酸辣椒和酸荞头放进锅里炒出香味，盛起。将姜块切丝，蒜瓣剥皮。锅烧热，放油，放姜丝和蒜瓣小火爆香，转大火，将鸭肉放进去翻炒煸出油。\r\n倒进黄皮酱、生抽、蚝油、盐和糖混合的酱料，翻炒五分钟，放少量水焖出香味。转中火倒进第二步炒好的酸料，翻炒均匀，放进山黄皮翻炒。倒进去籽后剁碎的酸柠檬，翻炒三分钟，放老抽调色即可。\r\n小贴士：1、柠檬要选腌制了三年以上的老柠檬才够味，我用的柠檬是从家里带来的。2、我喜欢颜色浓一点的，所以放老抽，不放也可以。3、柠檬一定要最后才放，否则煮久了会发苦。\r\n柠檬鸭是颇具南宁地方特色的一道佳肴，柠檬鸭分为白切柠檬鸭和生炒柠檬鸭两种，白切柠檬鸭为南宁的传统美食，历史比较悠久，生炒柠檬鸭则是在白切柠檬鸭的基础上演变而成。生炒柠檬鸭搭配着酸荞头，酸辣椒，酸姜和山黄皮等广西特色酸料，香浓而不油腻，色泽红亮，引人垂涎。\r\n\r\n\r\n', '', '爆炒柠檬鸭');
INSERT INTO `article` VALUES ('8', '4', '1', '2018-03-27 21:08:25', '鱼片粥，菜肴，适用于中老年人脾胃虚弱，气血不足，体倦少食，食欲不振，消化不良等。鱼片100克，粳米100克，熟油、精盐、味精麻油、姜丝、葱花、香菜段、胡椒粉各适量。\r\n将鱼肉去鳞及大刺，洗净切成薄片待用。\r\n\r\n沙锅加水1000毫升，大火烧开，把淘洗干净的粳米下锅煮成粥，煮熟时放入鱼片稍沸，加入调味品搅匀即成。早晚餐温热服食。\r\n鱼片粥，菜肴，适用于中老年人脾胃虚弱，气血不足，体倦少食，食欲不振，消化不良等。\r\n鱼肉营养丰富且易被人体消化吸收，具有健脑益智、降低血脂、抗动脉硬化、抗血栓形成、缓解衰老等功能。中老年人多吃鱼有益健康，鱼片粥益常年服食。\r\n\r\n', '', '鱼片白粥');
INSERT INTO `article` VALUES ('9', '4', '1', '2018-03-27 21:09:19', '粉饺是以米粉皮包裹馅料制成的饺子。是南宁市传统的壮族名小吃，其米香浓郁，味美爽口。粉饺的馅料是油炸叉烧、猪肉、冬菇、马蹄、葱花切丁、剁碎，搅拌而成。粉饺的皮是以“生熟浆”所制成。“生熟浆”是以蒸熟的大米浆，加生米磨成的大米浆，混合搅拌后所得。\r\n“生熟浆”揉搓成团，经静置一夜后，微带酸味，而后搓擀成粉饺皮。\r\n粉饺的馅料是油炸叉烧、猪肉、冬菇、马蹄、葱花切丁、剁碎，搅拌而成。\r\n因粉饺皮及馅料的制作工艺极其繁琐，因此近几年已少见正宗的柳州粉饺，市面所售之“粉饺”多以“澄面粉”代替米粉，以猪肉馅代替叉烧冬菇馅，虽然形状相似，但此种粉饺实为南宁米粉饺，因其并无柳州粉饺独有的米香，更无叉烧冬菇馅的美味。\r\n柳州解放南路工贸大厦出口处原有一家国营粉饺店，系柳州最为正宗的粉饺店，现已拆迁，不知去向。333', '', '粉饺22');
INSERT INTO `article` VALUES ('14', '5', '1', '2018-03-28 08:25:42', '南宁最值得去的三个旅游景点，个人想去旅游，当然是选择自己喜欢的地方玩，别的建议，只是别人的爱好而已。以下是南宁经典的好玩地方推荐给你：自己选择！1、南宁良凤江国家森林公园  2、南宁南湖之夜景-- 南宁南湖之夜景\r\n3、南宁琅东新城区风光-- 南宁琅东新城区风光\r\n4、南宁嘉和城温泉谷(国家4A级景区)  5、南湖公园  6、南宁夜景--江南旧事  7、南宁扬美古镇  8、花山壁画  9、大明山  10、凤凰湖  11、上林大龙湖  12、广西南宁药用植物园  13、大王滩国家水利风景区  14、王府井 [购物(旁边的7星路也蛮多东西买的..)\\饮食(KFC..自助比萨..水果捞[推荐])..\\娱乐(文化市场上面那个电玩..)]  15、动物园  16、人民公园  17、各大KTV(推荐百迪乐,大歌星稍微欠一点)  18、步行街[电玩(迪卡乐)]  19、五象 [购物\\饮食20、新梦\\旧梦都有购物和饮食  21、万达一带的 [电影(华纳.红星.实验电影院)\\饮食.商务BIZ)\\购物(旁边的百盛、沃尔玛)]  22、航洋国际 [购物(巴黎春天.沃尔玛.广州友谊)/饮食', '', '网友推荐的南宁热门景点');
INSERT INTO `article` VALUES ('15', '5', '1', '2018-03-28 08:53:18', '南宁年均气温21.7摄氏度左右，冬季最冷的1月平均12.8摄氏度，夏季最热的七八月份平均28.2摄氏度。“草经冬而不枯，花非春而常开”，一年四季都适合旅行，但是七八月份降雨较多，有些炎热潮湿。每年10月末11月初，南宁举办旅游节、民歌节等大型旅游活动，此时是到南宁旅游的最佳时节。', null, '什么时候最适合去南宁');
INSERT INTO `article` VALUES ('16', '1', '1', '2018-03-28 09:50:54', '南宁，简称“邕”，是广西壮族自治区首府，全区政治、经济、交通、科教文卫、金融和信息中心，是中国面向东盟开放合作的前沿城市、中国—东盟博览会永久举办地、北部湾经济区核心城市、国家“一带一路”有机衔接的重要门户城市。', 'images/pic_1.jpg', '南宁简介');
INSERT INTO `article` VALUES ('17', '1', '1', '2018-03-28 09:52:54', '南宁别称绿城、凤凰城、五象城。旅游资源丰富，北连桂林，南接北海，构成了广西的黄金旅游带。壮丽的边关风采、浪漫的海滩风貌、迷人的异国情调，星罗棋布的灵山秀水，古朴悠远的古迹故址，山、水、人、情构成南宁多层次的旅游景观。', 'images/pic_2.jpg', '南宁文化');
INSERT INTO `article` VALUES ('18', '1', '1', '2018-03-28 09:53:39', '南宁历史悠久，在古代，南宁属于百越领地。秦始皇统一岭南地区后，南宁属于桂林郡。西汉时期，汉武帝又将它置于玉林郡管辖。东晋大兴元年（公元318年），置大兴郡，以南宁为郡治所在地，南宁建制从此开始，至今已有1600多年。', 'images/pic_3.jpg', '南宁历史');
INSERT INTO `article` VALUES ('19', '2', '1', '2018-03-28 10:18:49', '青秀山是南宁市重点开发的风景区，除保护和修复原有的古迹如董泉、撷青岩崖刻，石香灶等外，还新建了不少景点。如泰国园就是南宁市与泰国孔敬市政府文化交流项目中互建的园林旅游景点，它由泰国建筑师设计，园内完全是泰国风貌。\r\n龙象塔\r\n天池的右侧山顶上，矗立的宝塔叫龙象塔，俗称青山塔\r\n。它是青秀山的象征。龙象塔位于南宁市青秀山风景区凤翼岭上，为明代南宁市郊淡村、在邑礼部尚书肖云举于明万历四十六年（1618）所建，次年竣工，取佛经“水行龙力大，陆行象力大”之义命名为龙象塔。原塔高10余丈，9层八角重檐砖结构。明天启四年（1624）被雷击塌顶端两层，一直未修复。\r\n1937年时值抗日战争，邕宁县政府恐塔成为日机轰炸南宁导航目标，县长陈寿民令人将塔拆除。南宁市人民政府根据南宁各界人士呼吁，在恢复青秀山风景区建设的同时，于1986年参照明代风格在原址重建龙象塔。重建后的龙象塔外形仍为八角重据9层，改为砖混结构。塔高52.35米，宽12米，绿色琉璃瓦，内设旋梯207级直达塔顶，每层檐角下均悬挂铜铃，共72只。据有关人士考证为广西第一高塔。\r\n它保留了明代建筑风格，青砖碧瓦，八角叠檐，登上塔顶，眺望远处邕江的风光，俯瞰南宁琅东新城景色。 [5] \r\n塔影天池\r\n塔影天池是以龙象塔与其北面的天池交相辉映，池水影\r\n塔，塔影入池的靓丽景观，为南宁市“十大景观”之一，在青秀山风景区内。塔的名称叫龙象塔，天池是青秀山山腰上一个大型的人工湖，池水波光粼粼，塔影入池，池水映塔，青松翠柏、蓝天白云倒影水中，被称为“塔影天池”。 [6] \r\n千年苏铁园\r\n青秀山千年苏铁园面积达100余亩，有树龄千\r\n年以上的苏铁近百株。最大年龄的“苏铁王”距今已有1360余年高龄。园内已收集苏铁种类50余种，总株数上万株。是全国最大的篦齿苏铁、德保苏铁、叉叶苏铁、德保苏铁、石山苏铁迁地保护育种基地之一。 [7] \r\n雨林大观\r\n雨林大观于1998年建成，占地500多亩，物种繁多，植被层叠，拥有各类植物200多科2500多种300多万株，这里有独具雨林特征的人面子、桄榔、聚果榕等特色植物和望天树、桫椤、降香黄檀等180多种国家级重点保护植物。 [8] \r\n青秀山友谊长廊\r\n青秀山友谊长廊位于青秀山风景区壮锦广场与东盟友谊园之间，长618米。长廊仿照广西侗族风雨桥特色，结合岭南园林建筑风格而建，廊体不用一钉一铆，皆以樟子松榫卯衔接而成。友谊长廊集桥、廊、亭、楼于一体，既成景点景观，也是休憩场所。廊间展示广西各族人民的生产、生活的摄影作品和东盟各国具有代表性的建筑、服饰、饮食等图片资料。', ' ', '青秀山');
INSERT INTO `article` VALUES ('20', '2', '1', '2018-03-28 10:20:50', '镇宁炮台\r\n顺着141级台阶登上望仙坡顶，所见一座巨石砌就的二层环形城堡，即是旧桂系军伐陆荣廷所建的镇宁炮台，是公园内的最高点。炮台上安置着一尊1890年制造的德国克鲁伯大炮，炮台座脚有一古碑廊。登上炮台既可俯瞰南宁城全貌，又不免勾起一缕怀旧幽思。\r\n白龙湖\r\n望仙坡南麓是白龙湖，湖水澄碧。据宋人王象之《兴地记胜》载，宋名将狄青曾驻望仙坡，见坡下湖边一群白羊颇似龙形。因此以白龙名此湖。湖岸翠竹掩映，垂柳摇曳。\r\n　　湖心有小岛，岛西的九曲桥和岛北的三孔月桥将岛与湖岸相连。湖面的游艇，或蓝天下竞渡，或绿荫徜徉，亦成一景。\r\n革命烈士纪念碑\r\n始建于1956年的南宁革命烈士纪念碑，是纪念大革命时期、抗日战争时期、解放战争时期为南宁的解放和新中国的建立英勇献身的革命先烈的历史丰碑。1995年12月，经广西壮族自治区党委、广西壮族自治区人民政府同意，命名为广西壮族自治区爱国主义教育基地。\r\n纪念碑高20米，融合了明清两代的建筑风格。在碑体镶嵌的汉白玉上，南北两面分别铭刻着中共广西省委第一书记陈漫远题写的“革命烈士纪念碑”七个苍劲的大字；东西两侧分别题刻着“革命烈士永垂不朽”八个大字。\r\n望仙坡脚下的广场中央建有一座“南宁革命烈士碑志”，碑志上铭刻着1927年至1949年12月4日，为解放南宁英勇牺牲的103名革命烈士的姓名和简历。\r\n广场左右两侧建有“瞻忠”“仰烈”两座纪念亭。\r\n透过革命烈士碑志，我们仿佛看到革命先烈浴血奋战的不息身影。\r\n三公祠\r\n北宋皇佑年间（1049－1054）邕州太守陶弼为纪念狄青、余靖、孙泻，在此建“三公祠”。后人又增加苏缄、王守仁、莽吉图三人，改为“六公祠”。民国二十六年（1937年），两广巡阅使陆荣廷为守卫南宁及其家乡武鸣，拆“六公祠”建镇宁炮台，架设大炮一门，射程12,000米。\r\n\r\n', null, '人民公园');
INSERT INTO `article` VALUES ('21', '2', '1', '2018-03-28 10:22:24', '狮山公园公园总面积约80公顷，主体部分约71公顷，水面面积45000平方米,是自然山塘,水质不错。园内大致是四周凸起、中间成谷状低凹的地形，最高点螺蛳山顶海拔120.9米，最低点北部谷底海拔79.5米。园内山体起伏和缓，属典型丘陵地形。是南宁市八大公园之一。公园以植物造景为主，注重生态效益和景观效益；以原有地形及条件，努力营造丘陵特色突出的自然山水景观。公园有“绿色翡翠”的美誉，每年到狮山公园游玩的游客达80万人次。\r\n\r\n公园有棕榈园景区，竹文化景区，草地活动区(大草坪、馥香园、百草园)，野趣山林区(映红坡、荷香坳、红豆谷、野趣烧烤区)，水上景观区(旭日湖、月影湖、农事娱乐园)， 健身娱乐区(竹影山庄、野战、山地运动、老人儿童活动)等十大景区。', null, '狮山公园');
INSERT INTO `article` VALUES ('22', '2', '1', '2018-03-28 10:23:17', '南宁石门森林公园位于广西壮族自治区南宁市青秀区，民族大道东段，属于免费公园，以亚热带风光为特色。园内林木葱郁，环境幽静，是以森林游憩、休闲娱乐为主要功能的城市森林公园，被称为“城市之肺”。\r\n这里浓绿漫来树香扑来，遮天蔽日的林海，营造氧库，蕴聚生机，牵引希望。踩踏碎石小径，眺望树隙浮云，倾听鸟啭虫鸣，享受树间幽风，天然美容。1.6万亩原始次生林，在郁郁葱葱的森林浴场中吸氧，吸负离子，既可防病健身，又可怡情养性。', null, '石门公园');
INSERT INTO `article` VALUES ('23', '2', '1', '2018-03-28 10:24:11', '护植物的85种。 它的华南地区最大的金花茶种质资源基因库就建在这里。\r\n主要景点编辑\r\n菩提文化苑\r\n园内有天下奇树——中国唯一阴阳合一的因缘菩提树以及与大自然结合得非常完美的星级度假山庄——菩提山庄。 良凤江天生福地，幸得阴阳合一的菩提树一株，\r\n良凤江国家森林公园\r\n良凤江国家森林公园\r\n其根部酷似一对金童玉女相倚而立，为国内外所罕见。该树因动人而美丽的传说，加上佛祖释迎牟尼与菩提有缘，因而远近闻名，游人如织。 据说，释迦牟尼在菩提下沉思了整整48天，才证悟了顺逆观十二因缘，创立了佛教。菩提树因此成为佛教圣树。良凤江天生福地，幸得菩提树一株。此株菩提树，何年何月何人栽种己不可考。细心的人很容易发现，其根部酷似一对金童玉女相倚而立蕴藉灵气。这是国内绝无仅有阴阳合一的菩提树。它兼具阴柔、阳刚之美，实为完美的天然佳配，相传曾有佛光闪耀。 而菩提山庄依山而傍，建筑风格清新引人。因有一株远近闻名的菩提树而得名，\r\n良凤江国家森林公园景色\r\n良凤江国家森林公园景色(6张)\r\n\r\n　　\r\n良凤江国家森林公园\r\n良凤江国家森林公园\r\n凤江绿野\r\n号称“植物王国”，是公园的主要景区，以林木科普、生态休闲为主题。本景区是广西最大的树木标本园，1700多种千姿百态的树种，在良凤江边葱郁成林，这里还是华南地区最大的树木标本园、名副其实的林木种质基因库，是林木物种引种、科研、教学、实习的重要基地。园内有大量珍稀濒危树种和植物景观，既有很高的观赏价值，又有极高的科学价值，有属国家级保护植物85种，\r\n良凤江国家森林公园\r\n良凤江国家森林公园\r\n其中有金花茶、望天树等6种国家一级保护植物。在这里您可以欣赏到各种各样的森林奇观。园内负氧离子含量极高，是一个大型的森林浴场，穿行其中，得尽康乐养生的快意；这里还是影视外景拍摄的重要基地。在这个景区内，游客可以到高尔夫球练习场去体验一下贵族运动，还可以参与篝火露营、情侣自行车等休闲娱乐项目；到烧烤区去亲手烧制可口的美味。在领略大自然奇妙神韵之余，可以到森林高尔夫球场打一局高尔夫球，享受挥杆之乐。同时，这里还是茶族皇后、国家一级保护植物——金花茶的故乡。\r\n游乐世界\r\n这里有最新的美式森林野战，您可以“全副武装”在“枪林弹雨”中过把“枪战瘾”! 可以乘木筏休闲河洲游、尽情的领略大自然的风光、欣赏各种珍奇的野生植物。也可以去多情谷探险，尽享“穿越丛林”“野外求生”带来的无穷乐趣。\r\n良凤江国家森林公园\r\n良凤江国家森林公园\r\n本景区的主题是动静结合，以生态娱乐为主，这里有广西唯一、全国第二大型滑草场，飞一般滑翔的感觉，极速超越的乐趣，带给富有自我挑战勇气的您前所未有的难忘经历，让激情在青山绿野间痛快淋漓地飞翔！有最新的美式森林野战，您可以“全副武装”在“枪林弹雨”中过把“枪战瘾”！在青少年国防教育基地，全面地培养您的机智、勇敢、刻苦耐劳，磨炼您坚强的斗志；除此之外，还有公路卡丁车、激情欢乐谷、意大利碰碰车等项目也很受游客的欢迎。\r\n在2001年5月园林被南宁市委、市政府确定为市级国防教育基地暨国防教育培训基地。基地环境静谧幽雅，军事训练设施齐全，配备高素质的专业教官和随队军医，已成功举办近十期的军事野战夏令营，全面地培养了青少年的机智、勇敢、刻苦耐劳和集体主义精神，为广大青少年及各企事业单位员工进行国防教育、爱国主义教育及德育素质教育提供了一所良好的基地，得到了社会的承认和支持，创造了良好的政治效益和社会效益。\r\n', null, '良凤江公园');
INSERT INTO `article` VALUES ('24', '2', '1', '2018-03-28 10:24:59', '孔庙迁建落成给力南宁文化建设，对传承传统文化、宣传打\r\n南宁孔庙\r\n南宁孔庙(5张)\r\n 造南宁文化品牌有多层意义。\r\n第一，对提升南宁的文化品位有重要意义。南宁有南宁国际民歌艺术节等文化品牌，如今多了一个新孔庙。孔庙的迁建落成，将为南宁这座城市的灵魂注入更多文化的元素。今后，广西、中国甚至东盟国家的宾客到南宁，都可以领略到南宁的又一文化特色品牌。\r\n第二，南宁多了一个传统文化的教育基地。年轻人可以到孔庙学习中国传统文化。\r\n第三，让人们多了一份信仰。孔子的为人与品德让人崇敬和景仰，孔庙外形是一个建筑，而它更是一个精神的家园，可以让更多的人找寻到自己曾经失落的精神家园。\r\n第四，对净化社会风气有很大作用。当下的社会风气距离最理想的状态有一定距离。单位可以组织干部、员工，学校可以组织学生前往参观。孔子强调“君子仁爱，重义轻利”，这对老百姓的精神起到熏陶作用，对社会风气有净化作用，对某些群体有震撼作用。\r\n第五，对家庭和谐构建有积极作用。孔子强调仁爱是核心，而孝道是根本。百行孝为先，在广大市民中推行孝道，孝顺父母，推行仁爱，可以促进社会更加和谐。\r\n第六，优化社会民俗。中国有几千年的悠久历史，有各种民俗。孔子思想强调“慎终追远，民德归厚矣”，意思是谨慎地对待父母的去世，追念久远的祖先。随着人们祭拜孔子，一些好的民俗将重新出现。\r\n第七，让社会更昌盛，未来更吉祥。孔子崇尚“人心向善，仁爱孝道”。学习孔子思想中进步的地方，可以使得民风正，人心正。而民风正，人心正，社会风气正就是最大的最好的风俗。社会也就更加昌盛，未来更加吉祥。', null, '南宁孔庙');
INSERT INTO `article` VALUES ('25', '2', '1', '2018-03-28 10:25:38', '南宁市图书馆成立于1977年5月，位于南宁市星光大道6号，在市委、市政府和市文化局的领导和关怀下，1998年6月新馆落成并对外开放。馆舍楼高6层，是集通信网络、计算机网络、消防自动报警监控等于一体的现代化智能大楼，并为残疾读者设置专用通道。设有办公室、采编部、外借部、期刊部、信息部、技术部、业务辅导部、读者活动部、物业管理部等部门。经过2004年全国公共图书馆评估定级，评定为国家“一级图书馆”。', null, '南宁图书馆');
INSERT INTO `article` VALUES ('26', '2', '1', '2018-03-28 10:26:09', '南宁市博物馆成立于1992年，为财政全额拨款的公益性文化事业单位。编制20人，现在编17人。负责全市的文物调查、考古发掘、文物保护、文物展览宣传和南宁文物网站、南宁市博物馆网站的建设，指导协调文物保护单位、文管所和爱国主义教育基地的业务建设等工作。目前南宁市博物馆尚未有专门的馆址，可供博物馆使用的基础设施仅有四处文物保护单位，即北宁街47－2号市博物馆办公室，办公室为二层砖混结构建筑，建筑面积为90平方米；其次为解放路42号新会书院和壮志路22号粤东会馆。新会书院始建于乾隆年间，是自治区重点文物保护单位，1997年被命名为市级爱国主义教育基地，占地面积800平方米，现南宁市博物馆将其利用，进行内部改造作为陈列馆使用。1987年由市人民政府拨款进行维修后，对外开放展览至今，共举办过三十多个展览，现固定陈列展览为匾额和南宁老照片；粤东会馆建于乾隆年间，是南宁市重点文物保护单位，现仅存一进门楼，占地面积384平方米，经市人民政府拨款进行维修后，也对外开放展出，现固定陈列展览为《南宁老农家》民俗文物展。\r\n邓颖超纪念馆是南宁市博物馆又一重要的陈列展览馆。该纪念馆位于广西南宁市朝阳路3号，系利用广西高等法院办公楼旧址修建而成。广西高等法院办公楼旧址建于民国时期，为钢筋混凝土和砖木结构，楼高3层，平面呈长方形，西式墙身，中式屋顶，立面造形为西欧古典建筑形式，占地面积500平方米，建筑面积1500平方米。2001年该建筑被公布为南宁市文物保护单位。邓颖超纪念馆现对社会免费开放，馆内展览由序厅、南宁女儿、求学任教、革命征程、浓浓乡情、建设祖国、革命伴侣、西花厅岁月、走进永远和书画厅等8个单元10个部分组成，展厅面积1200平方米，展出的邓颖超同志各个历史时期的珍贵照片近200张，实物20件，文献、手稿60多件，全面展示了邓颖超同志波澜壮阔的一生。\r\n南宁市博物馆新馆目前正在筹建之中，新馆落址南宁市五象新区，占地140亩。新馆命名为南宁艺术博物馆。建成后的南宁艺术博物馆将兼备收藏、展示、研究、宣传、教育等功能，成为南宁市一个重要的宣传窗口，成为教育、激发人们热爱南宁、建设南宁的一个重要阵地，成为南宁市走向全国、走向世界的一张亮丽的城市名片。 [1] ', null, '南宁博物馆');
INSERT INTO `article` VALUES ('27', '2', '1', '2018-03-28 10:27:02', '广西体育中心位于广西壮族自治区南宁市，工程总占地2000亩，总建筑面积达50.8万平方米。\r\n该工程位于五象新区核心区五象大道南侧，工程包括体育场、体育馆、游泳跳水馆以及现代化的网球中心。体育中心主体育场建筑采用具有飘逸感的多曲线屋面，充分呈现出现代气息。广西体育中心一期已于2010年8月11日正式投入使用。', null, '南宁体育中心');
INSERT INTO `article` VALUES ('28', '2', '1', '2018-03-28 10:27:40', '南宁国际会展中心占地面积850亩，是中国—东盟博览会永久会址，是由德国gmp设计公司和广西建筑综合设计研究院合作设计。主建筑设计独具匠心，构思巧妙，依山就势而建，显得气势恢弘。其主建筑一期工程于2000年9月28日破土动工，2003年10月23日正式启用，当年12月底通过竣工验收；一期配套工程于2004年4月10日动工，当年9月30日完成施工10月18日通过竣工验收；主建筑工期工程于2004年4月20日动工，计划于2005年6月投入使用；民歌广场一期工程于2003年7月1日动工，10月31日通过竣工验收，二期工程于2004年7月底开工，当年10月18日通过竣工验收。', null, '南宁会展中心');
INSERT INTO `article` VALUES ('29', '2', '1', '2018-03-28 10:28:27', '南宁动物园位于南宁市大学东路73号，始建于1973年，1975年建成正式对外开放，总面积39.1公顷，每年接待国内外游客100多万人（次），是广西目前唯一一家以观赏野生动物为主，并对野生动物进行异地保护、饲养管理、科学研究、繁育的专业性大型动物园。南宁市动物园是国内又一家成为AAAA级旅游景区的城市动物园，是全国一流的城市动物园。\r\n2017年11月，南宁动物园获第五届全国文明单位荣誉。 [1] ', null, '南宁动物园');
INSERT INTO `article` VALUES ('30', '2', '1', '2018-03-28 10:29:09', '目录\r\n1 主要景点\r\n2 旅游信息\r\n? 外部交通\r\n? 内部交通\r\n主要景点编辑\r\n凤岭欢乐世界主题乐园\r\n凤岭欢乐世界主题游乐园（陆地公园）分为梦幻广场﹑梦幻乐园﹑梦幻王国﹑梦幻花园四个区。引进国际大型游乐园的设计理念，汇聚世界精髓的游乐设施，具有代表性的云霄飞车、大型摩天轮、超级大摆锤、欢乐迪斯科、太空漫步、海盗船、太空梭等最具刺激游乐项目。园区拮取世界各地梦幻情境，配合主题景观设计，使人有置身于梦幻仙境之妙觉。\r\n南宁晚报·风铃儿童公园6月迎客风景一观\r\n南宁晚报·风铃儿童公园6月迎客风景一观\r\n凤岭水世界\r\n是广西规模最大、设备最先进的大型水上乐园，精心挑选世界一流、最受热捧的水上游乐项目：超级大喇叭、巨兽碗、激流勇进滑道、垂直极限、海啸造浪池、大滑板、激流探险、儿童戏水池、儿童反斗乐园、休闲按摩池、戏水水寨等，既有惊险刺激的激情体验，又有悠然自得的戏水享受，让您跟您的家人朋友在夏日炎炎的南国之都享有一个清凉开心的欢乐水世界。', null, '南宁凤岭儿童公园');
INSERT INTO `article` VALUES ('31', '5', '1', '2018-03-28 11:17:56', '“壮乡三月木棉红，歌圩处处春意浓”，壮族人民素以“善歌”著称，壮乡山歌语言质朴，内涵丰富。勤劳热情的壮乡人民善于以山歌来表现生活，以歌传情，以歌会友。唱山歌、听山歌、赶歌圩是壮族儿女永恒不变的生活主题。歌圩在武鸣县比较普遍，其中最为热闹的要数“三月三”歌圩。', null, '三月三歌圩');
INSERT INTO `article` VALUES ('32', '5', '5', '2018-03-28 11:21:02', '<div class=\"summary\" style=\"margin:0px 0px 25px;padding:0px 0px 25px;font-size:16px;color:#333333;font-family:Arial, &quot;\">\r\n	广西壮族自治区博物馆在南宁市民族广场东侧，是一家省（自治区）级综合性历史类博物馆，是目前广西唯一的国家一级博物馆。<br />\r\n博物馆馆藏文物达50000多件，其中，一级文物152件，二级文物1791件。广西是古代铜鼓的主要分布地区之一，铜鼓遗存丰富，种类齐全，因此，本馆得以成为世界上收藏铜鼓最多的博物馆，铜鼓藏品达360多面。其中，一面北流型铜鼓面径达165厘米，重299公斤，被誉为“铜鼓之王”。此外还有80万年前的手斧；馆藏民族文物更是丰富多彩，争奇斗艳。\r\n</div>\r\n<ul class=\"baseinfo clearfix\" style=\"font-size:14px;color:#666666;font-family:Arial, &quot;\">\r\n	<li class=\"tel\">\r\n		<div class=\"label\" style=\"margin:0px;padding:0px;color:#333333;\">\r\n			电话\r\n		</div>\r\n		<div class=\"content\" style=\"margin:0px;padding:0px;\">\r\n			0771-2707027\r\n		</div>\r\n	</li>\r\n	<li class=\"item-time\">\r\n		<div class=\"label\" style=\"margin:0px;padding:0px;color:#333333;\">\r\n			用时参考\r\n		</div>\r\n		<div class=\"content\" style=\"margin:0px;padding:0px;\">\r\n			1-2小时\r\n		</div>\r\n	</li>\r\n</ul>\r\n交通乘11、23、30、33、63、205、211路公交车至文物苑站；或乘6、34、79、213路公交车到民族古城路口站门票\r\n<div style=\"margin:0px;padding:0px;\">\r\n	门票免费（每日限制参观人数，需凭身份证领票参观）\r\n</div>\r\n开放时间周二-周日9:00-17:00(16:00停止发票,16:50清场);每周一全天闭馆(国家法定假日除外)整修。', null, '博物馆攻略');
INSERT INTO `article` VALUES ('98', '5', '1', '2018-03-31 11:59:23', '公园拥有华南地区最大的植物标本园、中国唯一阴阳合一的佛教圣树—菩提树、中国第二大滑草场、广西最大的森林野战俱乐部，以及蝴蝶奇石馆。 良凤江森林公园位于南宁市南郊友谊路，距市中心14.5公里。 整个公园由菩提大观园、植物王国、游乐世界三部分组成，细分为：菩提佛光、双狮拜佛、树木家园、阳光部落、八卦水域、休闲河州、雨林天簌、激情地带、绿岛龙珠、原始群落等十个各具特性的景点。可满足游客游览、烧烤、登山、划船、垂钓、游泳、森...林浴、会议、度假、科普、科研、文化娱乐、集体活动等不同需要。菩提大观园：园内有天下奇树—中国唯一阴阳合一的姻缘菩提树以及与大自然结合得非常完美的星级度假山庄—菩提山庄。植物王国：是清奇的水泊林野。1700多种千姿百态的树种，在良凤江边葱郁成林，是华南地区最大的树木标本园。也是林木科普、教学实习、科研以及影视外景拍摄的重要基地。这里除了可欣赏到各种各样的森林奇观，负离子含量极高还是名副其实的“天然氧吧”、“森林浴场”。游乐世界：有最新的美式森林野战，可“全副武装”在“枪林弹雨”中过把“枪战瘾”。可以乘木筏休闲河洲游、尽情的领略大自然的风光、还可欣赏各种珍奇的野生植物。也可以去多情谷探险，尽享“穿越丛林”“野外求生”带来的无穷乐趣。 小贴士：景区内昆虫众多，以长袖长裤服饰为佳。 门票：15元 开放时间：8：00—17：00 南宁市区通往机场的公路横贯公园腹地。 1、可从南宁市朝阳广场乘301公共汽车直达公园。 2、南宁市朝阳花园小金山宾馆有到公园的旅游专线车。3、在南宁市火车站可乘5路公交车至槎路，再转乘301公共汽车或旅游车到公园。', null, '良凤江旅游攻略');
INSERT INTO `article` VALUES ('99', '5', '5', '2018-03-31 12:01:39', '<div class=\"summary\" style=\"margin:0px 0px 25px;padding:0px 0px 25px;font-size:16px;color:#333333;font-family:Arial, &quot;\">\r\n	南宁国际会展中心占地面积850亩，是中国—东盟博览会永久会址，是由德国gmp设计公司和广西建筑综合设计研究院合作设计。主建筑设计独具匠心，构思巧妙，依山就势而建，显得气势恢弘。<br />\r\n每年10月在这里举办东盟博览会的时候，都会迎来各国的朋友，以东南亚居多。你可以在会展上，吃到特色正宗的东南亚美食，欣赏东南亚的异域风情表演，和东南亚朋友结交畅谈，还能买到特色的东南亚物品。其他时间还不会不定期举办各类展览会。<br />\r\n最重要的是，会展中心形如“紫荆花”的建筑模样已成为南宁的经典地标之一，晚上散发着朦胧的暖黄色，特别适合摄影。\r\n</div>\r\n<ul class=\"baseinfo clearfix\" style=\"font-size:14px;color:#666666;font-family:Arial, &quot;\">\r\n	<li class=\"tel\">\r\n		<div class=\"label\" style=\"margin:0px;padding:0px;color:#333333;\">\r\n			电话\r\n		</div>\r\n		<div class=\"content\" style=\"margin:0px;padding:0px;\">\r\n			0771-2092098;0771-2092228;0771-2092038\r\n		</div>\r\n	</li>\r\n	<li class=\"item-time\">\r\n		<div class=\"label\" style=\"margin:0px;padding:0px;color:#333333;\">\r\n			用时参考\r\n		</div>\r\n		<div class=\"content\" style=\"margin:0px;padding:0px;\">\r\n			30分钟-1小时\r\n		</div>\r\n	</li>\r\n</ul>\r\n交通乘坐34、70、89、213、城环1线、601路公交车，在竹溪汇歌路口下车门票\r\n<div style=\"margin:0px;padding:0px;\">\r\n	不同展会门票不同\r\n</div>\r\n开放时间无展会时不对外开放，有展会时依据具体展会时间开放（请参见官网）。工作人员工作时间8:30-17:30。', null, '会展中心旅游攻略');
INSERT INTO `article` VALUES ('100', '5', '5', '2018-03-31 12:06:26', '<div class=\"main-info-more\" style=\"margin:0px 0px 15px;padding:0px;color:#666666;font-family:&quot;font-size:14px;\">\r\n	<span style=\"line-height:30px;color:#333333;font-weight:700;\">走进南宁动物园</span>\r\n	<p>\r\n		南宁动物园离南宁市中心稍远，位于南宁市最宽阔的道路—西乡塘大道中段，在广场乘四路公共汽车可到达。动物园占地四十多万平方米，园内有起伏的坡丘，迂回的湖泊，葱翠的竹木，其间错落有致地建有熊猫馆、大象馆、狮虎山、豹子房、河马馆、海豹池、长颈鹿馆、斑马场、蛇馆、鸟舍等式样各异的兽舍禽馆，令人仿佛置身于大自然。更有趣的是这里的许多动物实行笼外放养，游人可亲手喂食小白兔，逗弄小山羊，与孔雀一起漫步，让鸽子停在掌心，深得人与动物和平共处之乐。\r\n	</p>\r\n</div>\r\n<div class=\"more-info\" style=\"margin:0px;padding:0px;color:#666666;font-family:&quot;font-size:14px;\">\r\n	<span class=\"main-besttime\"><span><span class=\"globel-iconfont\" style=\"font-size:16px;color:#A5AAAD;vertical-align:top;font-family:globel-iconfont !important;\"></span>\r\n	<p style=\"vertical-align:top;\">\r\n		<span style=\"font-weight:700;\">到达与离开：</span>乘坐4、33、53、58、62、66、76、204、207、222、604、605、804路公交车可直达\r\n	</p>\r\n</span></span><span class=\"main-besttime\"><span><span class=\"globel-iconfont\" style=\"font-size:16px;color:#A5AAAD;vertical-align:top;font-family:globel-iconfont !important;\"></span>\r\n	<p style=\"vertical-align:top;\">\r\n		<span style=\"font-weight:700;\">景点类型：</span><span>公园</span>\r\n	</p>\r\n</span></span><span class=\"main-ticket-price\"><span><span class=\"globel-iconfont\" style=\"font-size:16px;color:#A5AAAD;vertical-align:top;font-family:globel-iconfont !important;\"></span>\r\n	<p style=\"vertical-align:top;\">\r\n		<span style=\"font-weight:700;\">门票：</span>150元\r\n	</p>\r\n</span></span><span class=\"main-open\"><span><span class=\"globel-iconfont\" style=\"font-size:16px;color:#A5AAAD;vertical-align:top;font-family:globel-iconfont !important;\"></span>\r\n	<p style=\"vertical-align:top;\">\r\n		<span style=\"font-weight:700;\">开放时间：</span>8:00-17:00\r\n	</p>\r\n</span></span><span class=\"main-address\"><span><span class=\"globel-iconfont\" style=\"font-size:16px;color:#A5AAAD;vertical-align:top;font-family:globel-iconfont !important;\"></span>\r\n	<p style=\"vertical-align:top;\">\r\n		<span style=\"font-weight:700;\">地址：</span>广西壮族自治区南宁市西乡塘区大学东路3号\r\n	</p>\r\n</span></span><span class=\"main-phone\"><span><span class=\"globel-iconfont\" style=\"font-size:16px;color:#A5AAAD;vertical-align:top;font-family:globel-iconfont !important;\"></span>\r\n	<p style=\"vertical-align:top;\">\r\n		<span style=\"font-weight:700;\">电话：</span>0771-3213932\r\n	</p>\r\n</span></span><span class=\"main-website\"><span><span class=\"globel-iconfont\" style=\"font-size:16px;color:#A5AAAD;vertical-align:top;font-family:globel-iconfont !important;\"></span>\r\n	<p style=\"vertical-align:top;\">\r\n		<span style=\"font-weight:700;\">官方网站：</span>http://www.gxnnzoo.com/\r\n	</p>\r\n</span></span>\r\n</div>', null, '动物园旅游攻略');



-- ----------------------------
-- Table structure for banar
-- ----------------------------
DROP TABLE IF EXISTS `banar`;
CREATE TABLE `banar` (
  `banarid` int(11) NOT NULL AUTO_INCREMENT,
  `image` varchar(250) NOT NULL,
  `state` int(11) DEFAULT '1',
  PRIMARY KEY (`banarid`)
) ENGINE=InnoDB AUTO_INCREMENT=3 DEFAULT CHARSET=utf8;

-- ----------------------------
-- Records of banar
-- ----------------------------
INSERT INTO `banar` VALUES ('1', 'images/banner_4.jpg', '1');
INSERT INTO `banar` VALUES ('2', 'images/banner_2.jpg', '1');

-- ----------------------------
-- Table structure for contact
-- ----------------------------
DROP TABLE IF EXISTS `contact`;
CREATE TABLE `contact` (
  `contactid` int(11) NOT NULL AUTO_INCREMENT,
  `contactname` varchar(80) NOT NULL,
  `tel` varchar(20) NOT NULL,
  `qq` varchar(25) NOT NULL,
  `web` varchar(250) NOT NULL,
  `zipcode` varchar(12) NOT NULL,
  `fax` varchar(50) NOT NULL,
  `address` varchar(250) NOT NULL,
  PRIMARY KEY (`contactid`)
) ENGINE=InnoDB AUTO_INCREMENT=4 DEFAULT CHARSET=utf8;

-- ----------------------------
-- Records of contact
-- ----------------------------
INSERT INTO `contact` VALUES ('1', 'rice', '18667198964', '1288699085', 'www.rice.com', '543200', '1234xfsd-213124', '广州市天河区');

-- ----------------------------
-- Table structure for foodtype
-- ----------------------------
DROP TABLE IF EXISTS `foodtype`;
CREATE TABLE `foodtype` (
  `ftid` int(11) NOT NULL AUTO_INCREMENT,
  `ft` varchar(50) NOT NULL,
  PRIMARY KEY (`ftid`)
) ENGINE=InnoDB AUTO_INCREMENT=8 DEFAULT CHARSET=utf8;

-- ----------------------------
-- Records of foodtype
-- ----------------------------
INSERT INTO `foodtype` VALUES ('1', '美味早餐');
INSERT INTO `foodtype` VALUES ('2', '风味小吃');
INSERT INTO `foodtype` VALUES ('3', '甜点/饮品');
INSERT INTO `foodtype` VALUES ('4', '特色菜');


-- ----------------------------
-- Table structure for food
-- ----------------------------
DROP TABLE IF EXISTS `food`;
CREATE TABLE `food` (
  `fid` int(11) NOT NULL AUTO_INCREMENT,
  `ftid` int(11) DEFAULT NULL,
  `fname` varchar(50) NOT NULL,
  `image` varchar(250) NOT NULL,
  `aid` int(11) DEFAULT NULL,
  PRIMARY KEY (`fid`),
  UNIQUE KEY `fname` (`fname`),
  KEY `ftid` (`ftid`),
  KEY `aid` (`aid`),
  CONSTRAINT `food_ibfk_1` FOREIGN KEY (`ftid`) REFERENCES `foodtype` (`ftid`),
  CONSTRAINT `food_ibfk_2` FOREIGN KEY (`aid`) REFERENCES `article` (`aid`)
) ENGINE=InnoDB AUTO_INCREMENT=30 DEFAULT CHARSET=utf8;

-- ----------------------------
-- Records of food
-- ----------------------------
INSERT INTO `food` VALUES ('1', '2', '南宁酸品', 'images/0dd7912397dda1447836ce3fb2b7d0a20cf48604.jpg', '1');
INSERT INTO `food` VALUES ('2', '4', '柠檬鸭', 'images/8b82b9014a90f603e74dd9ec3812b31bb151ed98.jpg', '2');
INSERT INTO `food` VALUES ('3', '1', '八仙粉', 'images/94cad1c8a786c91731850b92c83d70cf3ac75792.jpg', '3');
INSERT INTO `food` VALUES ('4', '1', '卷筒粉', 'images/622762d0f703918f605d6561503d269758eec489.jpg', '4');
INSERT INTO `food` VALUES ('5', '4', '老友抄鸭肉', 'images/150327113039891.jpg', '5');
INSERT INTO `food` VALUES ('6', '4', '灵马豆腐烧鲶鱼\r\n\r\n', 'images/150327113039892.jpg', '6');
INSERT INTO `food` VALUES ('8', '1', '鱼片白粥', 'images/a71ea8d3fd1f41348a31a7f3251f95cad1c85e3c.jpg', '8');
INSERT INTO `food` VALUES ('9', '2', '粉饺1', 'images/c995d143ad4bd1130dcdec995bafa40f4bfb051c.jpg', '9');


-- ----------------------------
-- Table structure for message
-- ----------------------------
DROP TABLE IF EXISTS `message`;
CREATE TABLE `message` (
  `mid` int(11) NOT NULL AUTO_INCREMENT,
  `tel` varchar(20) NOT NULL,
  `sex` varchar(20) NOT NULL,
  `name` varchar(100) NOT NULL,
  `message` text NOT NULL,
  PRIMARY KEY (`mid`)
) ENGINE=InnoDB AUTO_INCREMENT=14 DEFAULT CHARSET=utf8;

-- ----------------------------
-- Records of message
-- ----------------------------
INSERT INTO `message` VALUES ('1', '18178110478', '男', '张三', '哈哈哈哈哈');
INSERT INTO `message` VALUES ('2', '18178110478', '男', '李四', '哈哈哈哈哈');
INSERT INTO `message` VALUES ('3', '18178110478', '男', '项羽', '哈哈哈哈哈');


-- ----------------------------
-- Table structure for noticetype
-- ----------------------------
DROP TABLE IF EXISTS `noticetype`;
CREATE TABLE `noticetype` (
  `ntid` int(11) NOT NULL AUTO_INCREMENT,
  `nt` varchar(50) NOT NULL,
  PRIMARY KEY (`ntid`)
) ENGINE=InnoDB AUTO_INCREMENT=4 DEFAULT CHARSET=utf8;

-- ----------------------------
-- Records of noticetype
-- ----------------------------
INSERT INTO `noticetype` VALUES ('1', '旅游动态');
INSERT INTO `noticetype` VALUES ('2', '旅游公告');

-- ----------------------------
-- Table structure for notice
-- ----------------------------
DROP TABLE IF EXISTS `notice`;
CREATE TABLE `notice` (
  `nid` int(11) NOT NULL AUTO_INCREMENT,
  `ntid` int(11) DEFAULT NULL,
  `nname` varchar(50) NOT NULL,
  `aid` int(11) DEFAULT NULL,
  PRIMARY KEY (`nid`),
  UNIQUE KEY `nname` (`nname`),
  KEY `ntid` (`ntid`),
  KEY `aid` (`aid`),
  CONSTRAINT `notice_ibfk_1` FOREIGN KEY (`ntid`) REFERENCES `noticetype` (`ntid`),
  CONSTRAINT `notice_ibfk_2` FOREIGN KEY (`aid`) REFERENCES `article` (`aid`)
) ENGINE=InnoDB AUTO_INCREMENT=6 DEFAULT CHARSET=utf8;

-- ----------------------------
-- Records of notice
-- ----------------------------
INSERT INTO `notice` VALUES ('1', '1', '网友推荐的南宁热门景点', '14');
INSERT INTO `notice` VALUES ('2', '1', '什么时候最适合去南宁', '15');
INSERT INTO `notice` VALUES ('3', '1', '三月三歌圩', '31');
INSERT INTO `notice` VALUES ('4', '1', '南宁国际民歌艺术节111', '32');


-- ----------------------------
-- Table structure for scenictype
-- ----------------------------
DROP TABLE IF EXISTS `scenictype`;
CREATE TABLE `scenictype` (
  `stid` int(11) NOT NULL AUTO_INCREMENT,
  `st` varchar(50) NOT NULL,
  PRIMARY KEY (`stid`)
) ENGINE=InnoDB AUTO_INCREMENT=7 DEFAULT CHARSET=utf8;

-- ----------------------------
-- Records of scenictype
-- ----------------------------
INSERT INTO `scenictype` VALUES ('1', '文化区');
INSERT INTO `scenictype` VALUES ('2', '自然区');
INSERT INTO `scenictype` VALUES ('3', '节庆活动区');
INSERT INTO `scenictype` VALUES ('4', '娱乐游玩区');

-- ----------------------------
-- Table structure for scenic
-- ----------------------------
DROP TABLE IF EXISTS `scenic`;
CREATE TABLE `scenic` (
  `sid` int(11) NOT NULL AUTO_INCREMENT,
  `stid` int(11) DEFAULT NULL,
  `sname` varchar(50) NOT NULL,
  `image` varchar(250) NOT NULL,
  `aid` int(11) DEFAULT NULL,
  `lx` varchar(10) NOT NULL,
  PRIMARY KEY (`sid`),
  UNIQUE KEY `sname` (`sname`),
  KEY `stid` (`stid`),
  KEY `aid` (`aid`),
  CONSTRAINT `scenic_ibfk_1` FOREIGN KEY (`stid`) REFERENCES `scenictype` (`stid`),
  CONSTRAINT `scenic_ibfk_2` FOREIGN KEY (`aid`) REFERENCES `article` (`aid`)
) ENGINE=InnoDB AUTO_INCREMENT=42 DEFAULT CHARSET=utf8;

-- ----------------------------
-- Records of scenic
-- ----------------------------
INSERT INTO `scenic` VALUES ('1', '2', '青秀山', 'images/y1.jpg', '19', '景点');
INSERT INTO `scenic` VALUES ('2', '2', '人民公园', 'images/y2.jpg', '20', '景点');
INSERT INTO `scenic` VALUES ('3', '2', '狮山公园', 'images/y3.jpg', '21', '景点');
INSERT INTO `scenic` VALUES ('4', '2', '石门公园', 'images/y4.jpg', '22', '景点');
INSERT INTO `scenic` VALUES ('5', '2', '良凤江公园', 'images/y5.jpg', '23', '景点');
INSERT INTO `scenic` VALUES ('6', '1', '孔庙', 'images/y6.jpg', '24', '景点');
INSERT INTO `scenic` VALUES ('7', '1', '南宁图书馆', 'images/y7.jpg', '25', '景点');
INSERT INTO `scenic` VALUES ('8', '1', '南宁博物馆', 'images/y8.jpg', '26', '景点');
INSERT INTO `scenic` VALUES ('9', '3', '南宁体育中心', 'images/y9.jpg', '27', '景点');
INSERT INTO `scenic` VALUES ('10', '3', '南宁会展中心', 'images/y10.jpg', '28', '景点');
INSERT INTO `scenic` VALUES ('11', '4', '南宁动物园', 'images/y11.jpg', '29', '景点');
INSERT INTO `scenic` VALUES ('12', '4', '南宁凤岭儿童公园', 'images/y12.jpg', '30', '景点');
INSERT INTO `scenic` VALUES ('13', '4', '凤岭儿童公园', 'images/yg1.jpg', '32', '旅游');
INSERT INTO `scenic` VALUES ('14', '4', '动物园', 'images/yg2.jpg', '100', '旅游');
INSERT INTO `scenic` VALUES ('18', '3', '会展中心', 'images/yg3.jpg', '99', '旅游');
INSERT INTO `scenic` VALUES ('19', '3', '体育中心', 'images/yg4.jpg', '32', '旅游');
INSERT INTO `scenic` VALUES ('20', '1', '博物馆', 'images/yg5.jpg', '32', '旅游');
INSERT INTO `scenic` VALUES ('21', '1', '自治区图书馆', 'images/yg6.jpg', '32', '旅游');
INSERT INTO `scenic` VALUES ('22', '1', '南宁孔庙', 'images/yg7.jpg', '32', '旅游');
INSERT INTO `scenic` VALUES ('23', '2', '良凤江', 'images/yg9.jpg', '98', '旅游');
INSERT INTO `scenic` VALUES ('24', '2', '石门', 'images/yg10.jpg', '32', '旅游');
INSERT INTO `scenic` VALUES ('25', '2', '狮山', 'images/yg11.jpg', '32', '旅游');
INSERT INTO `scenic` VALUES ('26', '1', '南湖', 'images/yg12.jpg', '32', '旅游');



-- ----------------------------
-- Table structure for team
-- ----------------------------
DROP TABLE IF EXISTS `team`;
CREATE TABLE `team` (
  `teamid` int(11) NOT NULL AUTO_INCREMENT,
  `content` text NOT NULL,
  PRIMARY KEY (`teamid`)
) ENGINE=InnoDB AUTO_INCREMENT=11 DEFAULT CHARSET=utf8;

-- ----------------------------
-- Records of team
-- ----------------------------
INSERT INTO `team` VALUES ('1', '我们的团队成员来自五湖四海，为了一个共同的梦想走到了一起。我们虽然拥有不同的性格、但都有一个共同的特点：热爱物联网、热爱网站开发！\r\n    我们激情四射，但底蕴丰厚；我们活力无限，也同样耐得住寂寞；我们满怀理想，脚踏实地去实现；我们创想无限，我们拒绝平庸！ \r\n    在这里，我们的每个想法都会得到团队中肯的意见，最终趋于完美；在这里，我们在一起，没有曲高和寡，只有知己相伴；在这里，我们的工作受到应得的肯定，付出一定有回报！');

